{
  "timestamp": [
    1753760700,
    1753761000,
    1753761300,
    1753761600,
    1753761900,
    1753762200,
    1753762500,
    1753762800,
    1753763100,
    1753763400,
    1753763700,
    1753764000,
    1753764300,
    1753764600,
    1753764900,
    1753765200,
    1753765500,
    1753765800,
    1753766100,
    1753766400,
    1753766700,
    1753767000,
    1753767300,
    1753767600,
    1753767900,
    1753768200,
    1753768500,
    1753768800,
    1753769100,
    1753769400,
    1753769700,
    1753770000,
    1753770300,
    1753770600,
    1753770900,
    1753771200,
    1753771500,
    1753771800,
    1753772100,
    1753772400,
    1753772700,
    1753773000,
    1753773300,
    1753773600,
    1753773900,
    1753774200,
    1753774500,
    1753774800,
    1753775100,
    1753775400,
    1753775700,
    1753776000,
    1753776300,
    1753776600,
    1753776900,
    1753777200,
    1753777500,
    1753777800,
    1753778100,
    1753778400,
    1753778700,
    1753779000,
    1753779300,
    1753779600,
    1753779900,
    1753780200,
    1753780500,
    1753780800,
    1753781100,
    1753781400,
    1753781700,
    1753782000,
    1753782300,
    1753782600,
    1753782900
  ],
  "indicators": {
    "quote": [
      {
        "open": [
          24619.599609375,
          24684.5,
          24663.05078125,
          24710.0,
          24695.900390625,
          24684.94921875,
          24694.849609375,
          24687.80078125,
          24722.900390625,
          24694.69921875,
          24709.599609375,
          24702.650390625,
          24665.150390625,
          24657.55078125,
          24653.5,
          24633.099609375,
          24639.80078125,
          24637.80078125,
          24642.19921875,
          24621.900390625,
          24637.599609375,
          24645.05078125,
          24647.05078125,
          24650.80078125,
          24658.650390625,
          24688.099609375,
          24697.849609375,
          24683.94921875,
          24700.80078125,
          24692.69921875,
          24676.94921875,
          24674.94921875,
          24674.650390625,
          24672.900390625,
          24665.25,
          24687.599609375,
          24695.05078125,
          24702.69921875,
          24691.849609375,
          24696.55078125,
          24697.75,
          24703.150390625,
          24698.150390625,
          24701.0,
          24711.599609375,
          24709.05078125,
          24708.19921875,
          24727.80078125,
          24734.69921875,
          24733.69921875,
          24728.30078125,
          24735.0,
          24760.0,
          24758.650390625,
          24758.5,
          24775.05078125,
          24795.650390625,
          24785.19921875,
          24802.94921875,
          24796.94921875,
          24799.150390625,
          24802.55078125,
          24814.94921875,
          24819.099609375,
          24808.75,
          24785.900390625,
          24792.349609375,
          24774.80078125,
          24791.0,
          24794.349609375,
          24818.400390625,
          24812.099609375,
          24814.150390625,
          24829.099609375,
          24841.94921875
        ],
        "high": [
          24691.25,
          24691.900390625,
          24712.099609375,
          24712.05078125,
          24698.0,
          24702.900390625,
          24711.900390625,
          24722.849609375,
          24726.94921875,
          24713.55078125,
          24717.25,
          24702.650390625,
          24670.900390625,
          24659.94921875,
          24659.0,
          24647.650390625,
          24649.80078125,
          24644.19921875,
          24642.5,
          24639.69921875,
          24645.650390625,
          24653.900390625,
          24652.69921875,
          24660.25,
          24693.69921875,
          24697.55078125,
          24698.44921875,
          24703.349609375,
          24705.44921875,
          24693.05078125,
          24682.849609375,
          24688.80078125,
          24676.55078125,
          24676.80078125,
          24689.099609375,
          24702.150390625,
          24705.400390625,
          24707.400390625,
          24699.849609375,
          24703.25,
          24709.0,
          24715.900390625,
          24705.69921875,
          24710.900390625,
          24714.44921875,
          24711.849609375,
          24729.75,
          24737.75,
          24742.0,
          24742.150390625,
          24739.099609375,
          24764.94921875,
          24763.44921875,
          24760.75,
          24778.05078125,
          24795.94921875,
          24795.650390625,
          24810.0,
          24805.25,
          24803.150390625,
          24814.55078125,
          24817.5,
          24819.650390625,
          24827.94921875,
          24809.94921875,
          24794.05078125,
          24794.30078125,
          24792.94921875,
          24803.55078125,
          24818.69921875,
          24823.650390625,
          24817.80078125,
          24830.69921875,
          24846.349609375,
          24842.849609375
        ],
        "low": [
          24608.30078125,
          24653.69921875,
          24662.80078125,
          24683.150390625,
          24668.80078125,
          24680.349609375,
          24682.900390625,
          24687.5,
          24697.25,
          24694.650390625,
          24699.900390625,
          24663.849609375,
          24654.44921875,
          24649.80078125,
          24628.05078125,
          24631.849609375,
          24634.25,
          24635.349609375,
          24614.30078125,
          24621.900390625,
          24616.44921875,
          24638.44921875,
          24635.44921875,
          24646.19921875,
          24658.650390625,
          24673.30078125,
          24683.650390625,
          24682.650390625,
          24691.599609375,
          24672.099609375,
          24665.80078125,
          24669.55078125,
          24667.19921875,
          24664.69921875,
          24662.94921875,
          24686.75,
          24690.099609375,
          24691.849609375,
          24685.650390625,
          24694.44921875,
          24695.44921875,
          24683.69921875,
          24694.900390625,
          24698.150390625,
          24705.05078125,
          24702.94921875,
          24707.5,
          24721.5,
          24729.80078125,
          24727.19921875,
          24728.25,
          24734.44921875,
          24736.599609375,
          24750.650390625,
          24757.75,
          24768.599609375,
          24780.30078125,
          24784.94921875,
          24793.900390625,
          24790.349609375,
          24798.25,
          24794.25,
          24808.05078125,
          24808.44921875,
          24772.69921875,
          24778.349609375,
          24771.80078125,
          24772.849609375,
          24782.75,
          24771.69921875,
          24809.849609375,
          24809.400390625,
          24813.5,
          24828.650390625,
          24820.900390625
        ],